citation_key,title,authors,year,publication,publication_identifier,readable_primary_source,reading_scope,supported_claim,manuscript_locations,citation_context,verification_basis,metadata_notes,access_date
xing2025cnlp,When Prompt Engineering Meets Software Engineering: {CNL-P} as Natural and Robust ``{APIs}'' for Human-{AI} Interaction,Zhenchang Xing and Yang Liu and Zhuo Cheng and Qing Huang and Dehai Zhao and Daniel Sun and Chenhua Liu,2025,arXiv preprint,https://arxiv.org/abs/2508.06942,https://arxiv.org/abs/2508.06942,"Existing claim-specific reading record retained; this round rechecked source identity, formal metadata, and the cited manuscript sentence; no new full-paper reread is claimed",CNL-P provides a structured controlled-language front end and linter while identifying fuller compiler and runtime-state infrastructure as future work.,sections/discussion.tex:25; sections/introduction.tex:8,"\subsection{Controlled syntax and authorization meaning} Controlled languages range from readability restrictions to formal interpretations~\cite{kuhn2014survey}. Attempto Controlled English translates to logic~\cite{fuchs2008attempto}; CNL-P supplies a structured front end and linter while leaving fuller compiler and runtime infrastructure open~\cite{xing2025cnlp}. Our fragment begins after that boundary, with finite entities and candidate referents as explicit inputs. AutoCedar instead synthesizes policies against a formal target~\cite{vatsa2026autocedar}; choosing a convenient interpretation after our checker rejects would change the fixed source requirement. || We investigate this question for an ordered, stateful controlled-language fragment. A small grammar fixes the entities, guards, and simultaneous effects; declared references retain finitely many possible meanings. CNL-P motivates the separation between a structured front end and the further compiler/runtime infrastructure needed to give its outputs executable meaning~\cite{xing2025cnlp}. The language here is a separate formal fragment, not a semantics for unrestricted prose or an implementation of the full CNL-P design.","Existing claim-specific reading record retained; title, authors, year, venue, formal identifier, and current manuscript use rechecked on 2026-09-16; no new full-paper reread claimed",Public arXiv preprint; the record is not represented as peer reviewed,2026-09-16
swamy2010fine,Enforcing Stateful Authorization and Information Flow Policies in {FINE},Nikhil Swamy and Juan Chen and Ravi Chugh,2010,Programming Languages and Systems (ESOP),https://doi.org/10.1007/978-3-642-11957-6_28,https://www.microsoft.com/en-us/research/wp-content/uploads/2016/02/paper-78.pdf,"Existing claim-specific reading record retained; this round rechecked source identity, formal metadata, and the cited manuscript sentence; no new full-paper reread is claimed",FINE uses a type system to enforce stateful authorization and information-flow policies.,sections/discussion.tex:27,"Authorization is richer than reference resolution. The access-control calculus formalizes principals and delegation~\cite{abadi1993access}; type disciplines enforce authorization assertions~\cite{fournet2007authorization}, connect refinement types to implementations~\cite{bengtson2008refinement}, and support stateful authorization and information flow in FINE~\cite{swamy2010fine}. Our types only make finite steps meaningful: a well-typed policy may still disagree with its table. Likewise, lenses~\cite{foster2007lenses} and invertible syntax descriptions~\cite{rendel2010invertible} motivate round trips, but our semantic reification recovers an observable quotient, not wording or rule order.","Existing claim-specific reading record retained; title, authors, year, venue, formal identifier, and current manuscript use rechecked on 2026-09-16; no new full-paper reread claimed",Formal DOI and a readable source path are recorded separately where available; the DOI is the unique publication identifier used for counting,2026-09-16
cutler2024cedar,"{Cedar}: A New Language for Expressive, Fast, Safe, and Analyzable Authorization",Joseph W. Cutler and Craig Disselkoen and Aaron Eline and Shaobo He and Kyle Headley and Michael Hicks and Kesha Hietala and Eleftherios Ioannidis and John Kastner and Anwar Mamat and Darin McAdams and Matt McCutchen and Neha Rungta and Emina Torlak and Andrew M. Wells,2024,Proceedings of the ACM on Programming Languages,https://doi.org/10.1145/3649835,https://cdn.amazon.science/96/a8/1b427993481cbdf0ef2c8ca6db85/cedar-a-new-language-for-expressive-fast-safe-and-analyzable-authorization.pdf,"Published first page and opening semantics/analysis sections, pages 1-3",Cedar supports typed declarative authorization and symbolic analysis without policy side effects,sections/discussion.tex:17; sections/introduction.tex:6,"\begin{table}[t] \caption{Closest comparisons by semantic object and verification relation. These are formulation differences, not measured performance rankings.} \label{tab:closest} \begin{tabularx}{\linewidth}{@{}>{\raggedright\arraybackslash}p{.20\linewidth}>{\raggedright\arraybackslash}p{.30\linewidth}>{\raggedright\arraybackslash}X@{}} \toprule Approach & Compared object & Relation or state information \\ \midrule Margrave~\cite{fisler2005margrave} & Request decisions before and after a policy change & Decision-diagram representation of permission differences \\ Dynamic policies~\cite{dougherty2006dynamic} & Policy judgments in evolving relational contexts & Contextual containment on accessible states \\ DynPAL~\cite{becker2009dynpal} & Executions of policy-update actions & Reachability and invariants over policy databases \\ Cedar~\cite{cutler2024cedar} & Side-effect-free authorization judgments & Sound and complete symbolic encoding under its validation conditions \\ Relational NetKAT~\cite{xu2026relational} & Intended changes to packet traces & User-specified trace relation compiled to transducers \\ This work & Decisions and complete policy valuations for every admitted binding & Supplied functional state map; exact local obligations and earliest-failure distances \\ \bottomrule \end{tabularx} \end{table} || Semantic policy comparison is well established. Margrave identifies permission differences through decision diagrams~\cite{fisler2005margrave}. Dynamic access-control policies have been compared on accessible relational contexts~\cite{dougherty2006dynamic}. Cedar supplies a typed language and a sound and complete symbolic encoding for authorization analysis~\cite{cutler2024cedar}. Our question is narrower: when a compiled interface reveals the entire source policy valuation, can that information replace source--target relation search for a finite family of interpretations, and what does it imply about the earliest disagreement?","Recorded claim-specific passage or abstract scope retained; title, authors, year, venue, formal identifier, and current manuscript use rechecked on 2026-09-16",Formal DOI and a readable source path are recorded separately where available; the DOI is the unique publication identifier used for counting,2026-09-16
liu2009linearizability,Model Checking Linearizability via Refinement,Yang Liu and Wei Chen and Yanhong A. Liu and Jun Sun,2009,FM 2009: Formal Methods,https://doi.org/10.1007/978-3-642-05089-3_21,https://www.comp.nus.edu.sg/~pat/publications/linearizability.pdf,"Existing claim-specific reading record retained; this round rechecked source identity, formal metadata, and the cited manuscript sentence; no new full-paper reread is claimed","Linearizability checking can be formulated as refinement or execution-trace containment for concurrent histories, unlike the sequential traces considered here.",sections/discussion.tex:32; sections/model.tex:83,"Trace-relating compiler correctness permits relations beyond equality~\cite{abate2021traces}; Relational NetKAT compiles user-specified packet-trace relations to transducers~\cite{xu2026relational}. Our traces are equal-length and request indexed through one state map. Linearizability checking handles overlapping operations~\cite{liu2009linearizability}; ours are sequential. Robust compilation quantifies over interacting target contexts~\cite{patrignani2024uc}; ours quantifies over requests and referent choices. These stronger frameworks delimit rather than subsume the operational benefit of the supplied map. || Lemma~\ref{lem:containment} explains the word \emph{refinement} in the title without changing the quantification over aliases. The method of reducing a refinement question to execution-trace containment has precedents, including the use of trace containment for linearizability checking by Liu et al.~\cite{liu2009linearizability}. Here the objects are sequential authorization transducers; there is no linearization-point search or concurrent-object claim.","Existing claim-specific reading record retained; title, authors, year, venue, formal identifier, and current manuscript use rechecked on 2026-09-16; no new full-paper reread claimed",Formal DOI and a readable source path are recorded separately where available; the DOI is the unique publication identifier used for counting,2026-09-16
foster2007lenses,Combinators for Bidirectional Tree Transformations: A Linguistic Approach to the View-Update Problem,J. Nathan Foster and Michael B. Greenwald and Jonathan T. Moore and Benjamin C. Pierce and Alan Schmitt,2007,ACM Transactions on Programming Languages and Systems,https://doi.org/10.1145/1232420.1232424,https://www.cis.upenn.edu/~bcpierce/papers/lenses-toplas-final.pdf,"Existing claim-specific reading record retained; this round rechecked source identity, formal metadata, and the cited manuscript sentence; no new full-paper reread is claimed","Bidirectional tree-transformation lenses motivate explicit round-trip laws, while this paper claims only normalization and observable semantic reification.",sections/discussion.tex:27; sections/language.tex:139,"Authorization is richer than reference resolution. The access-control calculus formalizes principals and delegation~\cite{abadi1993access}; type disciplines enforce authorization assertions~\cite{fournet2007authorization}, connect refinement types to implementations~\cite{bengtson2008refinement}, and support stateful authorization and information flow in FINE~\cite{swamy2010fine}. Our types only make finite steps meaningful: a well-typed policy may still disagree with its table. Likewise, lenses~\cite{foster2007lenses} and invertible syntax descriptions~\cite{rendel2010invertible} motivate round trips, but our semantic reification recovers an observable quotient, not wording or rule order. || This is a structural round trip, not byte identity for arbitrary input. Whitespace, escape spelling, declaration ordering within a phase, and membership grouping may change. Nor is it a lens law for arbitrary updates to a view. Bidirectional tree-transformation languages study stronger update-consistency problems~\cite{foster2007lenses}; the laws here concern a canonical serialization and a separate semantic reification operation.","Existing claim-specific reading record retained; title, authors, year, venue, formal identifier, and current manuscript use rechecked on 2026-09-16; no new full-paper reread claimed",Formal DOI and a readable source path are recorded separately where available; the DOI is the unique publication identifier used for counting,2026-09-16
lamport1996refinement,Refinement in State-Based Formalisms,Leslie Lamport,1996,"Digital Equipment Corporation, Systems Research Center, Technical Note 1996-001",https://lamport.azurewebsites.net/pubs/refinement.pdf,https://lamport.azurewebsites.net/pubs/refinement.pdf,"Existing claim-specific reading record retained; this round rechecked source identity, formal metadata, and the cited manuscript sentence; no new full-paper reread is claimed",A supplied refinement mapping can reduce a global behavior relation to local mapped-transition obligations.,sections/compilation.tex:48; sections/discussion.tex:30,"The invariant is a specialization of the established refinement-mapping method. A map from implementation states to specification states can turn a global behavior inclusion into local proof obligations; the point is to verify the mapped transitions, not merely declare the map~\cite{lamport1996refinement}. The present observation contract supplies that map and makes it part of the compared trace. It also gives the relative-completeness argument below: if a target state is actually reached by an input word, trace equality already identifies the corresponding source valuation. || \subsection{Supplied state maps and trace relations} Refinement mappings~\cite{abadi1991mappings}, simulations~\cite{lynch1995simulations}, state-based refinement~\cite{lamport1996refinement}, and TLA behaviors~\cite{lamport1994tla} provide the general setting. Here the target observation already supplies a lockstep map. The work is therefore not the induction itself, but exact localization over fixed interpretations, earliest-failure distances, and conditions for quotienting or projection. More general proofs may require auxiliary or prophecy state~\cite{lamport2022prophecy}; this checker discovers none. Decision-only observations lose the reconstruction invariant, whereas complete-state uniformity also implies stepwise switching closure.","Existing claim-specific reading record retained; title, authors, year, venue, formal identifier, and current manuscript use rechecked on 2026-09-16; no new full-paper reread claimed",Technical report; the official author-hosted report path is retained as the unique identifier,2026-09-16
leroy2009backend,A Formally Verified Compiler Back-End,Xavier Leroy,2009,Journal of Automated Reasoning,https://doi.org/10.1007/s10817-009-9155-4,https://xavierleroy.org/publi/compcert-backend.pdf,"Existing claim-specific reading record retained; this round rechecked source identity, formal metadata, and the cited manuscript sentence; no new full-paper reread is claimed",A mechanically verified compiler backend establishes a substantially longer end-to-end semantic preservation chain than this finite table compiler.,sections/discussion.tex:37,"Mechanically verified validators provide stronger assurance. Instruction-scheduling validators are proved in Coq~\cite{tristan2008validators}; LR automata can be checked by a proved validator~\cite{jourdan2012parsers}; and verified compilers cover longer semantic chains~\cite{leroy2009backend,bourke2017lustre}. Leapfrog combines symbolic bisimulation with mechanized soundness for protocol parsers~\cite{doenges2022leapfrog}. Our assurance is written proofs plus finite differential evidence. Its conditional simplification comes from the supplied source-state map; different inputs and semantics do not support a performance ranking.","Existing claim-specific reading record retained; title, authors, year, venue, formal identifier, and current manuscript use rechecked on 2026-09-16; no new full-paper reread claimed",Formal DOI and a readable source path are recorded separately where available; the DOI is the unique publication identifier used for counting,2026-09-16
lang2003independence,Propositional Independence: Formula-Variable Independence and Forgetting,J{\'e}r{\^o}me Lang and Paolo Liberatore and Pierre Marquis,2003,Journal of Artificial Intelligence Research,https://doi.org/10.1613/jair.1113,https://arxiv.org/abs/1106.4578,"Existing claim-specific reading record retained; this round rechecked source identity, formal metadata, and the cited manuscript sentence; no new full-paper reread is claimed",Semantic variable independence is distinct from syntactic occurrence and motivates separating exact relevance from conservative support.,sections/ambiguity.tex:63; sections/discussion.tex:42,"This proposition specializes a standard semantic-dependence idea to policy outputs. Syntactic occurrence and semantic relevance are not the same: formula-variable independence explicitly separates these concepts and studies the cost of removing irrelevant variables~\cite{lang2003independence}. Our use of concrete viability is a conservative, directly checkable support computation, not a claim that syntactic analysis computes the minimum semantic support. || Software-product-line checking shares work across configurations~\cite{classen2011symbolic}; our common target graph additionally fixes the source valuation along every matching prefix. Semantic independence differs from occurrence~\cite{lang2003independence}, and correlated binding families require exact projected assignments rather than unrestricted coordinate changes. Abstract interpretation~\cite{cousot1977abstract}, abstract model checking~\cite{clarke1994abstraction}, CEGAR~\cite{clarke2000cegar}, and trace partitioning~\cite{rival2007partitioning} trade precision against representation. Our observation cone is instead an exact, sufficient dependence closure, related to slicing~\cite{horwitz1990slicing}; it is not claimed minimal.","Existing claim-specific reading record retained; title, authors, year, venue, formal identifier, and current manuscript use rechecked on 2026-09-16; no new full-paper reread claimed",Formal DOI and a readable source path are recorded separately where available; the DOI is the unique publication identifier used for counting,2026-09-16
bryant1986graphs,Graph-Based Algorithms for Boolean Function Manipulation,Randal E. Bryant,1986,IEEE Transactions on Computers,https://doi.org/10.1109/TC.1986.1676819,https://www.cs.cmu.edu/~bryant/pubdir/ieeetc86.pdf,"Existing claim-specific reading record retained; this round rechecked source identity, formal metadata, and the cited manuscript sentence; no new full-paper reread is claimed",Reduced ordered decision diagrams share repeated Boolean subfunctions and provide a symbolic alternative to explicit assignment enumeration.,sections/discussion.tex:40; sections/implementation.tex:23,"\subsection{Symbolic alternatives, families, and reduction} Kleene algebra with tests~\cite{kozen1997kat}, NetKAT~\cite{anderson2014netkat}, derivative-based coalgebraic equivalence~\cite{foster2015coalgebraic}, symbolic large-alphabet algorithms~\cite{pous2015symbolic}, bisimulation up to congruence~\cite{bonchi2013congruence}, and KATch~\cite{moeller2024katch} exploit symbolic sharing beyond syntactic support. Guarded KAT has a nearly linear procedure for a different uninterpreted-program model~\cite{smolka2020gkat}. Reduced decision diagrams likewise share identical subfunctions~\cite{bryant1986graphs}. Our width experiment compares delivered procedures, not these general systems, and its coNP result concerns a different representation and interpretation problem. || \subsection{A symbolic alternative to binding enumeration}\label{sec:symbolic} Local enumeration is not the only way to discharge a cell. A reduced ordered decision diagram can represent the entire function \[ \beta\longmapsto F_{P,\beta}(s,x) \] for fixed $s$ and $x$. We include this comparison because enumerating complete bindings is an exact but not necessarily competitive alternative. Sharing and reduction are established decision-diagram techniques~\cite{bryant1986graphs}; they are not contributions of the certificate construction.","Existing claim-specific reading record retained; title, authors, year, venue, formal identifier, and current manuscript use rechecked on 2026-09-16; no new full-paper reread claimed",Formal DOI and a readable source path are recorded separately where available; the DOI is the unique publication identifier used for counting,2026-09-16
vatsa2026autocedar,{AutoCedar}: An Agentic Framework for Verifier-Guided Access Control Policy Synthesis,Adarsh Vatsa and Sachi Shome and Yingming Zhou and William Eiers,2026,arXiv preprint,https://arxiv.org/abs/2607.03656,https://arxiv.org/abs/2607.03656,"Existing claim-specific reading record retained; this round rechecked source identity, formal metadata, and the cited manuscript sentence; no new full-paper reread is claimed","AutoCedar synthesizes access-control policies against a structured formal target, a complementary task to validating a translation of a fixed formal source.",sections/discussion.tex:25,"\subsection{Controlled syntax and authorization meaning} Controlled languages range from readability restrictions to formal interpretations~\cite{kuhn2014survey}. Attempto Controlled English translates to logic~\cite{fuchs2008attempto}; CNL-P supplies a structured front end and linter while leaving fuller compiler and runtime infrastructure open~\cite{xing2025cnlp}. Our fragment begins after that boundary, with finite entities and candidate referents as explicit inputs. AutoCedar instead synthesizes policies against a formal target~\cite{vatsa2026autocedar}; choosing a convenient interpretation after our checker rejects would change the fixed source requirement.","Existing claim-specific reading record retained; title, authors, year, venue, formal identifier, and current manuscript use rechecked on 2026-09-16; no new full-paper reread claimed",Public arXiv preprint; the record is not represented as peer reviewed,2026-09-16
fournet2007authorization,A Type Discipline for Authorization Policies,C{\'e}dric Fournet and Andrew D. Gordon and Sergio Maffeis,2007,ACM Transactions on Programming Languages and Systems,https://doi.org/10.1145/1275497.1275500,https://people.mpi-sws.org/~dg/teaching/lis2014/modules/refinement-1-fournet07.pdf,"Existing claim-specific reading record retained; this round rechecked source identity, formal metadata, and the cited manuscript sentence; no new full-paper reread is claimed",A type discipline can internalize authorization assertions for a richer concurrent calculus.,sections/discussion.tex:27,"Authorization is richer than reference resolution. The access-control calculus formalizes principals and delegation~\cite{abadi1993access}; type disciplines enforce authorization assertions~\cite{fournet2007authorization}, connect refinement types to implementations~\cite{bengtson2008refinement}, and support stateful authorization and information flow in FINE~\cite{swamy2010fine}. Our types only make finite steps meaningful: a well-typed policy may still disagree with its table. Likewise, lenses~\cite{foster2007lenses} and invertible syntax descriptions~\cite{rendel2010invertible} motivate round trips, but our semantic reification recovers an observable quotient, not wording or rule order.","Existing claim-specific reading record retained; title, authors, year, venue, formal identifier, and current manuscript use rechecked on 2026-09-16; no new full-paper reread claimed",Formal DOI and a readable source path are recorded separately where available; the DOI is the unique publication identifier used for counting,2026-09-16
bengtson2008refinement,Refinement Types for Secure Implementations,Jesper Bengtson and Karthikeyan Bhargavan and C{\'e}dric Fournet and Andrew D. Gordon and Sergio Maffeis,2011,ACM Transactions on Programming Languages and Systems,https://doi.org/10.1145/1890028.1890031,https://andrewdgordon.github.io/papers/refinement-types-for-secure-implementations.pdf,"Existing claim-specific reading record retained; this round rechecked source identity, formal metadata, and the cited manuscript sentence; no new full-paper reread is claimed",Refinement types can connect security assertions to implementation code.,sections/discussion.tex:27,"Authorization is richer than reference resolution. The access-control calculus formalizes principals and delegation~\cite{abadi1993access}; type disciplines enforce authorization assertions~\cite{fournet2007authorization}, connect refinement types to implementations~\cite{bengtson2008refinement}, and support stateful authorization and information flow in FINE~\cite{swamy2010fine}. Our types only make finite steps meaningful: a well-typed policy may still disagree with its table. Likewise, lenses~\cite{foster2007lenses} and invertible syntax descriptions~\cite{rendel2010invertible} motivate round trips, but our semantic reification recovers an observable quotient, not wording or rule order.","Existing claim-specific reading record retained; title, authors, year, venue, formal identifier, and current manuscript use rechecked on 2026-09-16; no new full-paper reread claimed",Formal DOI and a readable source path are recorded separately where available; the DOI is the unique publication identifier used for counting,2026-09-16
lamport1994tla,The Temporal Logic of Actions,Leslie Lamport,1994,ACM Transactions on Programming Languages and Systems,https://doi.org/10.1145/177492.177726,https://lamport.azurewebsites.net/pubs/lamport-actions.pdf,"Existing claim-specific reading record retained; this round rechecked source identity, formal metadata, and the cited manuscript sentence; no new full-paper reread is claimed",TLA supplies a behavior-based state/action setting in which mapped-transition reasoning can be expressed.,sections/discussion.tex:30,"\subsection{Supplied state maps and trace relations} Refinement mappings~\cite{abadi1991mappings}, simulations~\cite{lynch1995simulations}, state-based refinement~\cite{lamport1996refinement}, and TLA behaviors~\cite{lamport1994tla} provide the general setting. Here the target observation already supplies a lockstep map. The work is therefore not the induction itself, but exact localization over fixed interpretations, earliest-failure distances, and conditions for quotienting or projection. More general proofs may require auxiliary or prophecy state~\cite{lamport2022prophecy}; this checker discovers none. Decision-only observations lose the reconstruction invariant, whereas complete-state uniformity also implies stepwise switching closure.","Existing claim-specific reading record retained; title, authors, year, venue, formal identifier, and current manuscript use rechecked on 2026-09-16; no new full-paper reread claimed",Formal DOI and a readable source path are recorded separately where available; the DOI is the unique publication identifier used for counting,2026-09-16
clarke1994abstraction,Model Checking and Abstraction,Edmund M. Clarke and Orna Grumberg and David E. Long,1994,ACM Transactions on Programming Languages and Systems,https://doi.org/10.1145/186025.186051,https://www.cs.cmu.edu/~emc/papers/Papers%20In%20Refereed%20Journals/Model%20Checking%20and%20Abstraction94.pdf,"Existing claim-specific reading record retained; this round rechecked source identity, formal metadata, and the cited manuscript sentence; no new full-paper reread is claimed","Abstract model checking changes state representations while preserving a specified property class, unlike the exact dependence-closed projection used here.",sections/discussion.tex:42,"Software-product-line checking shares work across configurations~\cite{classen2011symbolic}; our common target graph additionally fixes the source valuation along every matching prefix. Semantic independence differs from occurrence~\cite{lang2003independence}, and correlated binding families require exact projected assignments rather than unrestricted coordinate changes. Abstract interpretation~\cite{cousot1977abstract}, abstract model checking~\cite{clarke1994abstraction}, CEGAR~\cite{clarke2000cegar}, and trace partitioning~\cite{rival2007partitioning} trade precision against representation. Our observation cone is instead an exact, sufficient dependence closure, related to slicing~\cite{horwitz1990slicing}; it is not claimed minimal.","Existing claim-specific reading record retained; title, authors, year, venue, formal identifier, and current manuscript use rechecked on 2026-09-16; no new full-paper reread claimed",Formal DOI and a readable source path are recorded separately where available; the DOI is the unique publication identifier used for counting,2026-09-16
rival2007partitioning,The Trace Partitioning Abstract Domain,Xavier Rival and Laurent Mauborgne,2007,ACM Transactions on Programming Languages and Systems,https://doi.org/10.1145/1275497.1275501,https://www.di.ens.fr/~rival/papers/toplas07.pdf,"Existing claim-specific reading record retained; this round rechecked source identity, formal metadata, and the cited manuscript sentence; no new full-paper reread is claimed",Trace partitioning retains selected history distinctions to trade cost for abstract-interpretation precision.,sections/discussion.tex:42,"Software-product-line checking shares work across configurations~\cite{classen2011symbolic}; our common target graph additionally fixes the source valuation along every matching prefix. Semantic independence differs from occurrence~\cite{lang2003independence}, and correlated binding families require exact projected assignments rather than unrestricted coordinate changes. Abstract interpretation~\cite{cousot1977abstract}, abstract model checking~\cite{clarke1994abstraction}, CEGAR~\cite{clarke2000cegar}, and trace partitioning~\cite{rival2007partitioning} trade precision against representation. Our observation cone is instead an exact, sufficient dependence closure, related to slicing~\cite{horwitz1990slicing}; it is not claimed minimal.","Existing claim-specific reading record retained; title, authors, year, venue, formal identifier, and current manuscript use rechecked on 2026-09-16; no new full-paper reread claimed",Formal DOI and a readable source path are recorded separately where available; the DOI is the unique publication identifier used for counting,2026-09-16
necula2000validation,Translation Validation for an Optimizing Compiler,George C. Necula,2000,Proceedings of the ACM SIGPLAN Conference on Programming Language Design and Implementation,https://doi.org/10.1145/349299.349314,https://people.eecs.berkeley.edu/~necula/Papers/tv_pldi00.pdf,"Existing claim-specific reading record retained; this round rechecked source identity, formal metadata, and the cited manuscript sentence; no new full-paper reread is claimed",Translation validation checks each produced optimized program rather than trusting a compiler globally.,sections/compilation.tex:146; sections/discussion.tex:35,"This division also explains the trust boundary. A checker comparing a typed policy with a machine can be independent of the compiler. It cannot, by that independence alone, certify that an unexamined source sentence parsed into the intended AST. The public adapters and the deterministic parser are separate transformations whose relation to their inputs is established by their own arguments and tests. Translation validation is valuable because the producer need not be trusted for the checked relation, not because all other transformations automatically disappear from the trusted boundary~\cite{necula2000validation}. || \subsection{Certificates and the trusted semantic chain} Proof-carrying code separates evidence production from policy checking~\cite{necula1997pcc}; translation validation checks individual translated results~\cite{pnueli1998validation}, including optimized code~\cite{necula2000validation}. Our certificate is a closed target region, and its checker reconstructs support and evaluates the equations; a short region can still require exponentially many assignments. Certificate translation transports evidence across transformations~\cite{barthe2009translation}, with abstract models separating analyses and obligations~\cite{barthe2011abstract}. By contrast, our source AST remains an independent semantic input.","Existing claim-specific reading record retained; title, authors, year, venue, formal identifier, and current manuscript use rechecked on 2026-09-16; no new full-paper reread claimed",Formal DOI and a readable source path are recorded separately where available; the DOI is the unique publication identifier used for counting,2026-09-16
schneider2000enforceable,Enforceable Security Policies,Fred B. Schneider,2000,ACM Transactions on Information and System Security,https://doi.org/10.1145/353323.353382,https://www.cs.cornell.edu/fbs/publications/EnfSecPols.pdf,"Existing claim-specific reading record retained; this round rechecked source identity, formal metadata, and the cited manuscript sentence; no new full-paper reread is claimed",Security automata characterize a class of safety properties enforceable by execution monitoring.,sections/discussion.tex:45,"\subsection{Preservation versus enforcement} Rights safety asks whether authority can be acquired~\cite{harrison1976protection}; security automata characterize enforceable safety~\cite{schneider2000enforceable}, and monitoring and rewriting have distinct computability limits~\cite{hamlen2006enforcement}. A passing certificate only equates two supplied transition descriptions. Its finite witness is neither a bounded liveness test~\cite{alpern1985liveness} nor a hyperproperty guarantee~\cite{clarkson2010hyperproperties}. Stack inspection shows that preservation depends on execution representation~\cite{clements2004stack}, while cloud-scale authorization verification requires an engineering link from model to service~\cite{chakarov2025cloud}. Deployment would still need a justified state decoder, serialization point, installation path, and rules for changing entities.","Existing claim-specific reading record retained; title, authors, year, venue, formal identifier, and current manuscript use rechecked on 2026-09-16; no new full-paper reread claimed",Formal DOI and a readable source path are recorded separately where available; the DOI is the unique publication identifier used for counting,2026-09-16
hamlen2006enforcement,Computability Classes for Enforcement Mechanisms,Kevin W. Hamlen and Greg Morrisett and Fred B. Schneider,2006,ACM Transactions on Programming Languages and Systems,https://doi.org/10.1145/1111596.1111601,https://www.cs.cornell.edu/fbs/publications/EnfClasses.pdf,"Existing claim-specific reading record retained; this round rechecked source identity, formal metadata, and the cited manuscript sentence; no new full-paper reread is claimed",Monitoring and rewriting mechanisms have distinct computability limits for policy enforcement.,sections/discussion.tex:45,"\subsection{Preservation versus enforcement} Rights safety asks whether authority can be acquired~\cite{harrison1976protection}; security automata characterize enforceable safety~\cite{schneider2000enforceable}, and monitoring and rewriting have distinct computability limits~\cite{hamlen2006enforcement}. A passing certificate only equates two supplied transition descriptions. Its finite witness is neither a bounded liveness test~\cite{alpern1985liveness} nor a hyperproperty guarantee~\cite{clarkson2010hyperproperties}. Stack inspection shows that preservation depends on execution representation~\cite{clements2004stack}, while cloud-scale authorization verification requires an engineering link from model to service~\cite{chakarov2025cloud}. Deployment would still need a justified state decoder, serialization point, installation path, and rules for changing entities.","Existing claim-specific reading record retained; title, authors, year, venue, formal identifier, and current manuscript use rechecked on 2026-09-16; no new full-paper reread claimed",Formal DOI and a readable source path are recorded separately where available; the DOI is the unique publication identifier used for counting,2026-09-16
barthe2009translation,Certificate Translation for Optimizing Compilers,Gilles Barthe and Benjamin Gr{\'e}goire and C{\'e}sar Kunz and Tamara Rezk,2009,ACM Transactions on Programming Languages and Systems,https://doi.org/10.1145/1538917.1538919,https://www-sop.inria.fr/members/Benjamin.Gregoire/Publi/toplas08.pdf,"Existing claim-specific reading record retained; this round rechecked source identity, formal metadata, and the cited manuscript sentence; no new full-paper reread is claimed",Certificate translation transports proof evidence through optimizing transformations.,sections/discussion.tex:35,"\subsection{Certificates and the trusted semantic chain} Proof-carrying code separates evidence production from policy checking~\cite{necula1997pcc}; translation validation checks individual translated results~\cite{pnueli1998validation}, including optimized code~\cite{necula2000validation}. Our certificate is a closed target region, and its checker reconstructs support and evaluates the equations; a short region can still require exponentially many assignments. Certificate translation transports evidence across transformations~\cite{barthe2009translation}, with abstract models separating analyses and obligations~\cite{barthe2011abstract}. By contrast, our source AST remains an independent semantic input.","Existing claim-specific reading record retained; title, authors, year, venue, formal identifier, and current manuscript use rechecked on 2026-09-16; no new full-paper reread claimed",Formal DOI and a readable source path are recorded separately where available; the DOI is the unique publication identifier used for counting,2026-09-16
barthe2011abstract,An Abstract Model of Certificate Translation,Gilles Barthe and C{\'e}sar Kunz,2011,ACM Transactions on Programming Languages and Systems,https://doi.org/10.1145/1985342.1985344,https://software.imdea.org/~ckunz/toplas2.pdf,"Existing claim-specific reading record retained; this round rechecked source identity, formal metadata, and the cited manuscript sentence; no new full-paper reread is claimed","An abstract model of certificate translation separates analyses, transformations, and proof obligations.",sections/discussion.tex:35,"\subsection{Certificates and the trusted semantic chain} Proof-carrying code separates evidence production from policy checking~\cite{necula1997pcc}; translation validation checks individual translated results~\cite{pnueli1998validation}, including optimized code~\cite{necula2000validation}. Our certificate is a closed target region, and its checker reconstructs support and evaluates the equations; a short region can still require exponentially many assignments. Certificate translation transports evidence across transformations~\cite{barthe2009translation}, with abstract models separating analyses and obligations~\cite{barthe2011abstract}. By contrast, our source AST remains an independent semantic input.","Existing claim-specific reading record retained; title, authors, year, venue, formal identifier, and current manuscript use rechecked on 2026-09-16; no new full-paper reread claimed","TOPLAS 33(4), 46 pages; DOI and readable author copy recorded separately",2026-09-16
clements2004stack,A Tail-Recursive Machine with Stack Inspection,John Clements and Matthias Felleisen,2004,ACM Transactions on Programming Languages and Systems,https://doi.org/10.1145/1034774.1034778,https://www.brinckerhoff.org/clements/papers/cf-toplas04.pdf,"Existing claim-specific reading record retained; this round rechecked source identity, formal metadata, and the cited manuscript sentence; no new full-paper reread is claimed",A tail-recursive machine for stack inspection shows that preserving authorization behavior depends on the execution representation.,sections/discussion.tex:45,"\subsection{Preservation versus enforcement} Rights safety asks whether authority can be acquired~\cite{harrison1976protection}; security automata characterize enforceable safety~\cite{schneider2000enforceable}, and monitoring and rewriting have distinct computability limits~\cite{hamlen2006enforcement}. A passing certificate only equates two supplied transition descriptions. Its finite witness is neither a bounded liveness test~\cite{alpern1985liveness} nor a hyperproperty guarantee~\cite{clarkson2010hyperproperties}. Stack inspection shows that preservation depends on execution representation~\cite{clements2004stack}, while cloud-scale authorization verification requires an engineering link from model to service~\cite{chakarov2025cloud}. Deployment would still need a justified state decoder, serialization point, installation path, and rules for changing entities.","Existing claim-specific reading record retained; title, authors, year, venue, formal identifier, and current manuscript use rechecked on 2026-09-16; no new full-paper reread claimed",Formal DOI and a readable source path are recorded separately where available; the DOI is the unique publication identifier used for counting,2026-09-16
lamport2022prophecy,Prophecy Made Simple,Leslie Lamport and Stephan Merz,2022,ACM Transactions on Programming Languages and Systems,https://doi.org/10.1145/3492545,https://lamport.azurewebsites.net/pubs/simple.pdf,"Existing claim-specific reading record retained; this round rechecked source identity, formal metadata, and the cited manuscript sentence; no new full-paper reread is claimed",Prophecy variables support refinement arguments when the useful abstract state is not determined by the present concrete state alone.,sections/discussion.tex:30,"\subsection{Supplied state maps and trace relations} Refinement mappings~\cite{abadi1991mappings}, simulations~\cite{lynch1995simulations}, state-based refinement~\cite{lamport1996refinement}, and TLA behaviors~\cite{lamport1994tla} provide the general setting. Here the target observation already supplies a lockstep map. The work is therefore not the induction itself, but exact localization over fixed interpretations, earliest-failure distances, and conditions for quotienting or projection. More general proofs may require auxiliary or prophecy state~\cite{lamport2022prophecy}; this checker discovers none. Decision-only observations lose the reconstruction invariant, whereas complete-state uniformity also implies stepwise switching closure.","Existing claim-specific reading record retained; title, authors, year, venue, formal identifier, and current manuscript use rechecked on 2026-09-16; no new full-paper reread claimed",Formal DOI and a readable source path are recorded separately where available; the DOI is the unique publication identifier used for counting,2026-09-16
rendel2010invertible,Invertible Syntax Descriptions: Unifying Parsing and Pretty Printing,Tillmann Rendel and Klaus Ostermann,2010,Proceedings of the ACM Haskell Symposium,https://doi.org/10.1145/1863523.1863525,https://www.informatik.uni-marburg.de/~rendel/unparse/rendel10invertible.pdf,"Existing claim-specific reading record retained; this round rechecked source identity, formal metadata, and the cited manuscript sentence; no new full-paper reread is claimed",Invertible syntax descriptions unify parsing and pretty printing and motivate precise structural round-trip laws.,sections/discussion.tex:27,"Authorization is richer than reference resolution. The access-control calculus formalizes principals and delegation~\cite{abadi1993access}; type disciplines enforce authorization assertions~\cite{fournet2007authorization}, connect refinement types to implementations~\cite{bengtson2008refinement}, and support stateful authorization and information flow in FINE~\cite{swamy2010fine}. Our types only make finite steps meaningful: a well-typed policy may still disagree with its table. Likewise, lenses~\cite{foster2007lenses} and invertible syntax descriptions~\cite{rendel2010invertible} motivate round trips, but our semantic reification recovers an observable quotient, not wording or rule order.","Existing claim-specific reading record retained; title, authors, year, venue, formal identifier, and current manuscript use rechecked on 2026-09-16; no new full-paper reread claimed",Formal DOI and a readable source path are recorded separately where available; the DOI is the unique publication identifier used for counting,2026-09-16
kuhn2014survey,A Survey and Classification of Controlled Natural Languages,Tobias Kuhn,2014,Computational Linguistics,https://doi.org/10.1162/COLI_a_00168,https://aclanthology.org/J14-1005.pdf,"Existing claim-specific reading record retained; this round rechecked source identity, formal metadata, and the cited manuscript sentence; no new full-paper reread is claimed",Controlled natural languages range from readability-oriented restrictions to languages with formal interpretations.,sections/discussion.tex:25,"\subsection{Controlled syntax and authorization meaning} Controlled languages range from readability restrictions to formal interpretations~\cite{kuhn2014survey}. Attempto Controlled English translates to logic~\cite{fuchs2008attempto}; CNL-P supplies a structured front end and linter while leaving fuller compiler and runtime infrastructure open~\cite{xing2025cnlp}. Our fragment begins after that boundary, with finite entities and candidate referents as explicit inputs. AutoCedar instead synthesizes policies against a formal target~\cite{vatsa2026autocedar}; choosing a convenient interpretation after our checker rejects would change the fixed source requirement.","Existing claim-specific reading record retained; title, authors, year, venue, formal identifier, and current manuscript use rechecked on 2026-09-16; no new full-paper reread claimed",Formal DOI and a readable source path are recorded separately where available; the DOI is the unique publication identifier used for counting,2026-09-16
horwitz1990slicing,Interprocedural Slicing Using Dependence Graphs,Susan Horwitz and Thomas Reps and David Binkley,1990,ACM Transactions on Programming Languages and Systems,https://doi.org/10.1145/77606.77608,https://www.csa.iisc.ac.in/~raghavan/CleanedPav2011/horwitz-sdg-slicing-1990.pdf,"Existing claim-specific reading record retained; this round rechecked source identity, formal metadata, and the cited manuscript sentence; no new full-paper reread is claimed",Dependence-graph slicing uses backward relevance to retain computations needed for selected observations.,sections/ambiguity.tex:112; sections/discussion.tex:42,"\subsection{A sufficient observation cone}\label{sec:observation-cone} Backward dependence closure is a standard basis for program slicing~\cite{horwitz1990slicing}. Here it yields a sufficient observation interface for this particular ordered-guard, simultaneous-update language. The following result does not find a minimum semantic slice; it states exactly which syntactic dependencies make projection commute with every step. || Software-product-line checking shares work across configurations~\cite{classen2011symbolic}; our common target graph additionally fixes the source valuation along every matching prefix. Semantic independence differs from occurrence~\cite{lang2003independence}, and correlated binding families require exact projected assignments rather than unrestricted coordinate changes. Abstract interpretation~\cite{cousot1977abstract}, abstract model checking~\cite{clarke1994abstraction}, CEGAR~\cite{clarke2000cegar}, and trace partitioning~\cite{rival2007partitioning} trade precision against representation. Our observation cone is instead an exact, sufficient dependence closure, related to slicing~\cite{horwitz1990slicing}; it is not claimed minimal.","Existing claim-specific reading record retained; title, authors, year, venue, formal identifier, and current manuscript use rechecked on 2026-09-16; no new full-paper reread claimed",Formal DOI and a readable source path are recorded separately where available; the DOI is the unique publication identifier used for counting,2026-09-16
jourdan2012parsers,Validating {LR(1)} Parsers,Jacques-Henri Jourdan and Fran{\c c}ois Pottier and Xavier Leroy,2012,Programming Languages and Systems (ESOP),https://doi.org/10.1007/978-3-642-28869-2_20,https://xavierleroy.org/publi/validated-parser.pdf,"Existing claim-specific reading record retained; this round rechecked source identity, formal metadata, and the cited manuscript sentence; no new full-paper reread is claimed",An untrusted LR(1) automaton can be checked by a validator whose correctness is proved in Coq.,sections/discussion.tex:37,"Mechanically verified validators provide stronger assurance. Instruction-scheduling validators are proved in Coq~\cite{tristan2008validators}; LR automata can be checked by a proved validator~\cite{jourdan2012parsers}; and verified compilers cover longer semantic chains~\cite{leroy2009backend,bourke2017lustre}. Leapfrog combines symbolic bisimulation with mechanized soundness for protocol parsers~\cite{doenges2022leapfrog}. Our assurance is written proofs plus finite differential evidence. Its conditional simplification comes from the supplied source-state map; different inputs and semantics do not support a performance ranking.","Existing claim-specific reading record retained; title, authors, year, venue, formal identifier, and current manuscript use rechecked on 2026-09-16; no new full-paper reread claimed",Formal DOI and a readable source path are recorded separately where available; the DOI is the unique publication identifier used for counting,2026-09-16
tristan2008validators,Formal Verification of Translation Validators: A Case Study on Instruction Scheduling Optimizations,Jean-Baptiste Tristan and Xavier Leroy,2008,Proceedings of the ACM SIGPLAN-SIGACT Symposium on Principles of Programming Languages,https://doi.org/10.1145/1328438.1328444,https://jtristan.github.io/papers/popl08.pdf,"Existing claim-specific reading record retained; this round rechecked source identity, formal metadata, and the cited manuscript sentence; no new full-paper reread is claimed",Instruction-scheduling translation validators can themselves be proved correct in Coq.,sections/discussion.tex:37,"Mechanically verified validators provide stronger assurance. Instruction-scheduling validators are proved in Coq~\cite{tristan2008validators}; LR automata can be checked by a proved validator~\cite{jourdan2012parsers}; and verified compilers cover longer semantic chains~\cite{leroy2009backend,bourke2017lustre}. Leapfrog combines symbolic bisimulation with mechanized soundness for protocol parsers~\cite{doenges2022leapfrog}. Our assurance is written proofs plus finite differential evidence. Its conditional simplification comes from the supplied source-state map; different inputs and semantics do not support a performance ranking.","Existing claim-specific reading record retained; title, authors, year, venue, formal identifier, and current manuscript use rechecked on 2026-09-16; no new full-paper reread claimed",Formal DOI and a readable source path are recorded separately where available; the DOI is the unique publication identifier used for counting,2026-09-16
bourke2017lustre,A Formally Verified Compiler for {Lustre},Timothy Bourke and L{\'e}lio Brun and Pierre-{\'E}variste Dagand and Xavier Leroy and Marc Pouzet and Lionel Rieg,2017,Proceedings of the ACM SIGPLAN Conference on Programming Language Design and Implementation,https://doi.org/10.1145/3062341.3062358,https://xavierleroy.org/publi/velus-pldi17.pdf,"Existing claim-specific reading record retained; this round rechecked source identity, formal metadata, and the cited manuscript sentence; no new full-paper reread is claimed",A formally verified Lustre compiler connects synchronous stream semantics to repeated execution of generated imperative code.,sections/discussion.tex:37,"Mechanically verified validators provide stronger assurance. Instruction-scheduling validators are proved in Coq~\cite{tristan2008validators}; LR automata can be checked by a proved validator~\cite{jourdan2012parsers}; and verified compilers cover longer semantic chains~\cite{leroy2009backend,bourke2017lustre}. Leapfrog combines symbolic bisimulation with mechanized soundness for protocol parsers~\cite{doenges2022leapfrog}. Our assurance is written proofs plus finite differential evidence. Its conditional simplification comes from the supplied source-state map; different inputs and semantics do not support a performance ranking.","Existing claim-specific reading record retained; title, authors, year, venue, formal identifier, and current manuscript use rechecked on 2026-09-16; no new full-paper reread claimed",Formal DOI and a readable source path are recorded separately where available; the DOI is the unique publication identifier used for counting,2026-09-16
doenges2022leapfrog,{Leapfrog}: Certified Equivalence for Protocol Parsers,Ryan Doenges and Tobias Kapp{\'e} and John Sarracino and Nate Foster and Greg Morrisett,2022,Proceedings of the ACM SIGPLAN Conference on Programming Language Design and Implementation,https://doi.org/10.1145/3519939.3523715,https://arxiv.org/pdf/2205.08762,"Existing claim-specific reading record retained; this round rechecked source identity, formal metadata, and the cited manuscript sentence; no new full-paper reread is claimed","Leapfrog combines automata, symbolic bisimulation, solver automation, and mechanized soundness for protocol-parser equivalence.",sections/discussion.tex:37,"Mechanically verified validators provide stronger assurance. Instruction-scheduling validators are proved in Coq~\cite{tristan2008validators}; LR automata can be checked by a proved validator~\cite{jourdan2012parsers}; and verified compilers cover longer semantic chains~\cite{leroy2009backend,bourke2017lustre}. Leapfrog combines symbolic bisimulation with mechanized soundness for protocol parsers~\cite{doenges2022leapfrog}. Our assurance is written proofs plus finite differential evidence. Its conditional simplification comes from the supplied source-state map; different inputs and semantics do not support a performance ranking.","Existing claim-specific reading record retained; title, authors, year, venue, formal identifier, and current manuscript use rechecked on 2026-09-16; no new full-paper reread claimed",Formal DOI and a readable source path are recorded separately where available; the DOI is the unique publication identifier used for counting,2026-09-16
classen2011symbolic,Symbolic Model Checking of Software Product Lines,Andreas Classen and Patrick Heymans and Pierre-Yves Schobbens and Axel Legay,2011,Proceedings of the International Conference on Software Engineering,https://doi.org/10.1145/1985793.1985838,https://doi.org/10.1145/1985793.1985838,"Existing claim-specific reading record retained; this round rechecked source identity, formal metadata, and the cited manuscript sentence; no new full-paper reread is claimed",Symbolic model checking of software product lines shares verification work across many fixed configurations.,sections/discussion.tex:42,"Software-product-line checking shares work across configurations~\cite{classen2011symbolic}; our common target graph additionally fixes the source valuation along every matching prefix. Semantic independence differs from occurrence~\cite{lang2003independence}, and correlated binding families require exact projected assignments rather than unrestricted coordinate changes. Abstract interpretation~\cite{cousot1977abstract}, abstract model checking~\cite{clarke1994abstraction}, CEGAR~\cite{clarke2000cegar}, and trace partitioning~\cite{rival2007partitioning} trade precision against representation. Our observation cone is instead an exact, sufficient dependence closure, related to slicing~\cite{horwitz1990slicing}; it is not claimed minimal.","Existing claim-specific reading record retained; title, authors, year, venue, formal identifier, and current manuscript use rechecked on 2026-09-16; no new full-paper reread claimed",Formal DOI and a readable source path are recorded separately where available; the DOI is the unique publication identifier used for counting,2026-09-16
abate2021traces,An Extended Account of Trace-Relating Compiler Correctness and Secure Compilation,Carmine Abate and Roberto Blanco and {\c S}tefan Ciob{\^a}c{\u a} and Adrien Durier and Deepak Garg and C{\u a}t{\u a}lin Hri{\c t}cu and Marco Patrignani and {\'E}ric Tanter and J{\'e}r{\'e}my Thibault,2021,ACM Transactions on Programming Languages and Systems,https://doi.org/10.1145/3460860,https://squera.github.io/pdf/main-j.pdf,"Existing claim-specific reading record retained; this round rechecked source identity, formal metadata, and the cited manuscript sentence; no new full-paper reread is claimed",Trace-relating compiler correctness permits relations more general than lockstep equality between source and target traces.,sections/discussion.tex:32,Trace-relating compiler correctness permits relations beyond equality~\cite{abate2021traces}; Relational NetKAT compiles user-specified packet-trace relations to transducers~\cite{xu2026relational}. Our traces are equal-length and request indexed through one state map. Linearizability checking handles overlapping operations~\cite{liu2009linearizability}; ours are sequential. Robust compilation quantifies over interacting target contexts~\cite{patrignani2024uc}; ours quantifies over requests and referent choices. These stronger frameworks delimit rather than subsume the operational benefit of the supplied map.,"Existing claim-specific reading record retained; title, authors, year, venue, formal identifier, and current manuscript use rechecked on 2026-09-16; no new full-paper reread claimed","TOPLAS 43(4), Article 14, 48 pages; DOI and readable author copy recorded separately",2026-09-16
patrignani2024uc,Universal Composability Is Robust Compilation,"Marco Patrignani and Robert K{\""u}nnemann and Riad S. Wahby and Ethan Cecchetti",2024,ACM Transactions on Programming Languages and Systems,https://doi.org/10.1145/3698234,https://squera.github.io/pdf/uc-is-sc-j.pdf,"Existing claim-specific reading record retained; this round rechecked source identity, formal metadata, and the cited manuscript sentence; no new full-paper reread is claimed","Robust compilation and universal composability quantify over interacting contexts, unlike this closed-table equivalence problem.",sections/discussion.tex:32,Trace-relating compiler correctness permits relations beyond equality~\cite{abate2021traces}; Relational NetKAT compiles user-specified packet-trace relations to transducers~\cite{xu2026relational}. Our traces are equal-length and request indexed through one state map. Linearizability checking handles overlapping operations~\cite{liu2009linearizability}; ours are sequential. Robust compilation quantifies over interacting target contexts~\cite{patrignani2024uc}; ours quantifies over requests and referent choices. These stronger frameworks delimit rather than subsume the operational benefit of the supplied map.,"Existing claim-specific reading record retained; title, authors, year, venue, formal identifier, and current manuscript use rechecked on 2026-09-16; no new full-paper reread claimed",Formal DOI and a readable source path are recorded separately where available; the DOI is the unique publication identifier used for counting,2026-09-16
chakarov2025cloud,Formally Verified Cloud-Scale Authorization,Aleks Chakarov and Jaco Geldenhuys and Matthew Heck and Michael Hicks and Sam Huang and Georges-Axel Jaloyan and Anjali Joshi and K. Rustan M. Leino and Mikael Mayer and Sean McLaughlin and Akhilesh Mritunjai and Cl{\'e}ment Pit-Claudel and Sorawee Porncharoenwase and Florian Rabe and Marianna Rapoport and Giles Reger and Cody Roux and Neha Rungta and Robin Salkeld and Matthias Schlaipfer and Daniel Schoepe and Johanna Schwartzentruber and Serdar Tasiran and Aaron Tomb and Emina Torlak and Jean-Baptiste Tristan and Lucas Wagner and Michael Whalen and Remy Willems and Tongtong Xiang and Tae Joon Byun and Joshua Cohen and Ruijie Fang and Junyoung Jang and Jakob Rath and Hira Taqdees Syeda and Dominik Wagner and Yongwei Yuan,2025,Proceedings of the IEEE/ACM International Conference on Software Engineering,https://doi.org/10.1109/ICSE55347.2025.00166,https://cdn.amazon.science/bb/40/22ac44f84f6d8eb625ac9666a00f/formally-verified-cloud-scale-authorization.pdf,"Existing claim-specific reading record retained; this round rechecked source identity, formal metadata, and the cited manuscript sentence; no new full-paper reread is claimed","Cloud-scale authorization verification requires an engineering connection between the formal policy model, verified implementation, and operational service.",sections/discussion.tex:45,"\subsection{Preservation versus enforcement} Rights safety asks whether authority can be acquired~\cite{harrison1976protection}; security automata characterize enforceable safety~\cite{schneider2000enforceable}, and monitoring and rewriting have distinct computability limits~\cite{hamlen2006enforcement}. A passing certificate only equates two supplied transition descriptions. Its finite witness is neither a bounded liveness test~\cite{alpern1985liveness} nor a hyperproperty guarantee~\cite{clarkson2010hyperproperties}. Stack inspection shows that preservation depends on execution representation~\cite{clements2004stack}, while cloud-scale authorization verification requires an engineering link from model to service~\cite{chakarov2025cloud}. Deployment would still need a justified state decoder, serialization point, installation path, and rules for changing entities.","Existing claim-specific reading record retained; title, authors, year, venue, formal identifier, and current manuscript use rechecked on 2026-09-16; no new full-paper reread claimed","ICSE 2025, pages 2508--2521; DOI and author-hosted full text rechecked on 2026-09-16",2026-09-16
abadi1991mappings,The Existence of Refinement Mappings,Mart{\'i}n Abadi and Leslie Lamport,1991,Theoretical Computer Science,https://doi.org/10.1016/0304-3975(91)90224-P,https://lamport.azurewebsites.net/pubs/abadi-existence.pdf,"Author report abstract and introduction; 1988 report is a precursor access copy, not the 1991 journal pagination",State mappings and auxiliary variables are established refinement techniques,sections/discussion.tex:30,"\subsection{Supplied state maps and trace relations} Refinement mappings~\cite{abadi1991mappings}, simulations~\cite{lynch1995simulations}, state-based refinement~\cite{lamport1996refinement}, and TLA behaviors~\cite{lamport1994tla} provide the general setting. Here the target observation already supplies a lockstep map. The work is therefore not the induction itself, but exact localization over fixed interpretations, earliest-failure distances, and conditions for quotienting or projection. More general proofs may require auxiliary or prophecy state~\cite{lamport2022prophecy}; this checker discovers none. Decision-only observations lose the reconstruction invariant, whereas complete-state uniformity also implies stepwise switching closure.","Recorded claim-specific passage or abstract scope retained; title, authors, year, venue, formal identifier, and current manuscript use rechecked on 2026-09-16",Formal DOI and a readable source path are recorded separately where available; the DOI is the unique publication identifier used for counting,2026-09-16
lynch1995simulations,Forward and Backward Simulations. Part {I}: Untimed Systems,Nancy Lynch and Frits Vaandrager,1995,Information and Computation,https://doi.org/10.1006/inco.1995.1134,https://groups.csail.mit.edu/tds/papers/Lynch/IC95.pdf,Abstract and introduction of the author copy,Forward/backward simulation methods provide a broader relation framework,sections/discussion.tex:30,"\subsection{Supplied state maps and trace relations} Refinement mappings~\cite{abadi1991mappings}, simulations~\cite{lynch1995simulations}, state-based refinement~\cite{lamport1996refinement}, and TLA behaviors~\cite{lamport1994tla} provide the general setting. Here the target observation already supplies a lockstep map. The work is therefore not the induction itself, but exact localization over fixed interpretations, earliest-failure distances, and conditions for quotienting or projection. More general proofs may require auxiliary or prophecy state~\cite{lamport2022prophecy}; this checker discovers none. Decision-only observations lose the reconstruction invariant, whereas complete-state uniformity also implies stepwise switching closure.","Recorded claim-specific passage or abstract scope retained; title, authors, year, venue, formal identifier, and current manuscript use rechecked on 2026-09-16",Formal DOI and a readable source path are recorded separately where available; the DOI is the unique publication identifier used for counting,2026-09-16
necula1997pcc,Proof-Carrying Code,George C. Necula,1997,Proceedings of the ACM SIGPLAN-SIGACT Symposium on Principles of Programming Languages,https://doi.org/10.1145/263699.263712,https://people.eecs.berkeley.edu/~necula/papers.html,Author publication-page abstract and publisher metadata; no new full-proof audit,Producer-supplied evidence and a small consumer-side checker are established,sections/discussion.tex:35,"\subsection{Certificates and the trusted semantic chain} Proof-carrying code separates evidence production from policy checking~\cite{necula1997pcc}; translation validation checks individual translated results~\cite{pnueli1998validation}, including optimized code~\cite{necula2000validation}. Our certificate is a closed target region, and its checker reconstructs support and evaluates the equations; a short region can still require exponentially many assignments. Certificate translation transports evidence across transformations~\cite{barthe2009translation}, with abstract models separating analyses and obligations~\cite{barthe2011abstract}. By contrast, our source AST remains an independent semantic input.","Recorded claim-specific passage or abstract scope retained; title, authors, year, venue, formal identifier, and current manuscript use rechecked on 2026-09-16",Formal DOI and a readable source path are recorded separately where available; the DOI is the unique publication identifier used for counting,2026-09-16
pnueli1998validation,Translation Validation,Amir Pnueli and Michael Siegel and Eli Singerman,1998,Tools and Algorithms for the Construction and Analysis of Systems,https://doi.org/10.1007/BFb0054170,https://link.springer.com/chapter/10.1007/BFb0054170,Publisher abstract and bibliographic record,Validate a particular translation rather than all runs of the producer,sections/discussion.tex:35,"\subsection{Certificates and the trusted semantic chain} Proof-carrying code separates evidence production from policy checking~\cite{necula1997pcc}; translation validation checks individual translated results~\cite{pnueli1998validation}, including optimized code~\cite{necula2000validation}. Our certificate is a closed target region, and its checker reconstructs support and evaluates the equations; a short region can still require exponentially many assignments. Certificate translation transports evidence across transformations~\cite{barthe2009translation}, with abstract models separating analyses and obligations~\cite{barthe2011abstract}. By contrast, our source AST remains an independent semantic input.","Recorded claim-specific passage or abstract scope retained; title, authors, year, venue, formal identifier, and current manuscript use rechecked on 2026-09-16",Formal DOI and a readable source path are recorded separately where available; the DOI is the unique publication identifier used for counting,2026-09-16
fisler2005margrave,Verification and Change-Impact Analysis of Access-Control Policies,Kathi Fisler and Shriram Krishnamurthi and Leo A. Meyerovich and Michael Carl Tschantz,2005,Proceedings of the International Conference on Software Engineering,https://doi.org/10.1145/1062455.1062502,https://cs.brown.edu/people/kfisler/Pubs/icse05.pdf,Abstract and policy-analysis sections of the author paper,Decision-diagram policy verification and semantic change-impact analysis,sections/discussion.tex:5; sections/discussion.tex:14; sections/introduction.tex:6,"\subsection{Policy comparison and evolving authorization} Margrave reports semantic permission differences with decision diagrams~\cite{fisler2005margrave}. Dougherty et al. compare judgments in evolving relational environments by contextual containment over accessible states~\cite{dougherty2006dynamic}. DynPAL verifies transactions and invariants over policy databases~\cite{becker2009dynpal}, while UCON models mutable attributes and ongoing usage~\cite{park2004ucon}. Zelkova encodes policy comparison in SMT~\cite{backes2018zelkova}, and Block Public Access derives query-specific residual policies under syntactic trust conditions~\cite{bouchet2020public}. These works establish semantic comparison, reachability, and irrelevance reduction. Our narrower premise is a deterministic target graph whose complete observations supply one source-state map for every unresolved reference interpretation; this premise yields local obligations and binding-wise target-distance diagnoses. || \begin{table}[t] \caption{Closest comparisons by semantic object and verification relation. These are formulation differences, not measured performance rankings.} \label{tab:closest} \begin{tabularx}{\linewidth}{@{}>{\raggedright\arraybackslash}p{.20\linewidth}>{\raggedright\arraybackslash}p{.30\linewidth}>{\raggedright\arraybackslash}X@{}} \toprule Approach & Compared object & Relation or state information \\ \midrule Margrave~\cite{fisler2005margrave} & Request decisions before and after a policy change & Decision-diagram representation of permission differences \\ Dynamic policies~\cite{dougherty2006dynamic} & Policy judgments in evolving relational contexts & Contextual containment on accessible states \\ DynPAL~\cite{becker2009dynpal} & Executions of policy-update actions & Reachability and invariants over policy databases \\ Cedar~\cite{cutler2024cedar} & Side-effect-free authorization judgments & Sound and complete symbolic encoding under its validation conditions \\ Relational NetKAT~\cite{xu2026relational} & Intended changes to packet traces & User-specified trace relation compiled to transducers \\ This work & Decisions and complete policy valuations for every admitted binding & Supplied functional state map; exact local obligations and earliest-failure distances \\ \bottomrule \end{tabularx} \end{table} || Semantic policy comparison is well established. Margrave identifies permission differences through decision diagrams~\cite{fisler2005margrave}. Dynamic access-control policies have been compared on accessible relational contexts~\cite{dougherty2006dynamic}. Cedar supplies a typed language and a sound and complete symbolic encoding for authorization analysis~\cite{cutler2024cedar}. Our question is narrower: when a compiled interface reveals the entire source policy valuation, can that information replace source--target relation search for a finite family of interpretations, and what does it imply about the earliest disagreement?","Recorded claim-specific passage or abstract scope retained; title, authors, year, venue, formal identifier, and current manuscript use rechecked on 2026-09-16",Formal DOI and a readable source path are recorded separately where available; the DOI is the unique publication identifier used for counting,2026-09-16
dougherty2006dynamic,Specifying and Reasoning about Dynamic Access-Control Policies,Daniel J. Dougherty and Kathi Fisler and Shriram Krishnamurthi,2006,Automated Reasoning (IJCAR),https://doi.org/10.1007/11814771_51,https://cs.brown.edu/people/kfisler/Pubs/ijcar06.pdf,"Main definitions and reasoning through reachable policy environments, pages 1-8 of author copy",Dynamic-policy reasoning already reduces contextual containment to reachable local environments,sections/discussion.tex:5; sections/discussion.tex:15; sections/introduction.tex:6,"\subsection{Policy comparison and evolving authorization} Margrave reports semantic permission differences with decision diagrams~\cite{fisler2005margrave}. Dougherty et al. compare judgments in evolving relational environments by contextual containment over accessible states~\cite{dougherty2006dynamic}. DynPAL verifies transactions and invariants over policy databases~\cite{becker2009dynpal}, while UCON models mutable attributes and ongoing usage~\cite{park2004ucon}. Zelkova encodes policy comparison in SMT~\cite{backes2018zelkova}, and Block Public Access derives query-specific residual policies under syntactic trust conditions~\cite{bouchet2020public}. These works establish semantic comparison, reachability, and irrelevance reduction. Our narrower premise is a deterministic target graph whose complete observations supply one source-state map for every unresolved reference interpretation; this premise yields local obligations and binding-wise target-distance diagnoses. || \begin{table}[t] \caption{Closest comparisons by semantic object and verification relation. These are formulation differences, not measured performance rankings.} \label{tab:closest} \begin{tabularx}{\linewidth}{@{}>{\raggedright\arraybackslash}p{.20\linewidth}>{\raggedright\arraybackslash}p{.30\linewidth}>{\raggedright\arraybackslash}X@{}} \toprule Approach & Compared object & Relation or state information \\ \midrule Margrave~\cite{fisler2005margrave} & Request decisions before and after a policy change & Decision-diagram representation of permission differences \\ Dynamic policies~\cite{dougherty2006dynamic} & Policy judgments in evolving relational contexts & Contextual containment on accessible states \\ DynPAL~\cite{becker2009dynpal} & Executions of policy-update actions & Reachability and invariants over policy databases \\ Cedar~\cite{cutler2024cedar} & Side-effect-free authorization judgments & Sound and complete symbolic encoding under its validation conditions \\ Relational NetKAT~\cite{xu2026relational} & Intended changes to packet traces & User-specified trace relation compiled to transducers \\ This work & Decisions and complete policy valuations for every admitted binding & Supplied functional state map; exact local obligations and earliest-failure distances \\ \bottomrule \end{tabularx} \end{table} || Semantic policy comparison is well established. Margrave identifies permission differences through decision diagrams~\cite{fisler2005margrave}. Dynamic access-control policies have been compared on accessible relational contexts~\cite{dougherty2006dynamic}. Cedar supplies a typed language and a sound and complete symbolic encoding for authorization analysis~\cite{cutler2024cedar}. Our question is narrower: when a compiled interface reveals the entire source policy valuation, can that information replace source--target relation search for a finite family of interpretations, and what does it imply about the earliest disagreement?","Recorded claim-specific passage or abstract scope retained; title, authors, year, venue, formal identifier, and current manuscript use rechecked on 2026-09-16",Formal DOI and a readable source path are recorded separately where available; the DOI is the unique publication identifier used for counting,2026-09-16
backes2018zelkova,Semantic-based Automated Reasoning for {AWS} Access Policies using {SMT},John Backes and Pauline Bolignano and Byron Cook and Catherine Dodge and Andrew Gacek and Kasper Luckow and Neha Rungta and Oksana Tkachuk and Carsten Varming,2018,Formal Methods in Computer Aided Design,https://doi.org/10.23919/FMCAD.2018.8602994,https://cdn.amazon.science/56/3c/7d75bca84c56b9b1ed1999beec0c/semantic-based-automated-reasoning-for-aws-access-policies-using-smt.pdf,"Abstract and opening policy/SMT sections, pages 1-3",SMT-based semantic comparison is a direct authorization-analysis alternative,sections/discussion.tex:5,"\subsection{Policy comparison and evolving authorization} Margrave reports semantic permission differences with decision diagrams~\cite{fisler2005margrave}. Dougherty et al. compare judgments in evolving relational environments by contextual containment over accessible states~\cite{dougherty2006dynamic}. DynPAL verifies transactions and invariants over policy databases~\cite{becker2009dynpal}, while UCON models mutable attributes and ongoing usage~\cite{park2004ucon}. Zelkova encodes policy comparison in SMT~\cite{backes2018zelkova}, and Block Public Access derives query-specific residual policies under syntactic trust conditions~\cite{bouchet2020public}. These works establish semantic comparison, reachability, and irrelevance reduction. Our narrower premise is a deterministic target graph whose complete observations supply one source-state map for every unresolved reference interpretation; this premise yields local obligations and binding-wise target-distance diagnoses.","Recorded claim-specific passage or abstract scope retained; title, authors, year, venue, formal identifier, and current manuscript use rechecked on 2026-09-16",Formal DOI and a readable source path are recorded separately where available; the DOI is the unique publication identifier used for counting,2026-09-16
bouchet2020public,Block Public Access: Trust Safety Verification of Access Control Policies,Malik Bouchet and Byron Cook and Bryant Cutler and Anna Druzkina and Andrew Gacek and Liana Hadarean and Ranjit Jhala and Brad Marshall and Dan Peebles and Neha Rungta and Cole Schlesinger and Chriss Stephens and Carsten Varming and Andy Warfield,2020,Proceedings of the ACM Joint European Software Engineering Conference and Symposium on the Foundations of Software Engineering,https://doi.org/10.1145/3368089.3409728,https://doi.org/10.1145/3368089.3409728,Publisher abstract and bibliographic record,Trust-safety checking simplifies policy information relative to a specified query,sections/discussion.tex:5,"\subsection{Policy comparison and evolving authorization} Margrave reports semantic permission differences with decision diagrams~\cite{fisler2005margrave}. Dougherty et al. compare judgments in evolving relational environments by contextual containment over accessible states~\cite{dougherty2006dynamic}. DynPAL verifies transactions and invariants over policy databases~\cite{becker2009dynpal}, while UCON models mutable attributes and ongoing usage~\cite{park2004ucon}. Zelkova encodes policy comparison in SMT~\cite{backes2018zelkova}, and Block Public Access derives query-specific residual policies under syntactic trust conditions~\cite{bouchet2020public}. These works establish semantic comparison, reachability, and irrelevance reduction. Our narrower premise is a deterministic target graph whose complete observations supply one source-state map for every unresolved reference interpretation; this premise yields local obligations and binding-wise target-distance diagnoses.","Recorded claim-specific passage or abstract scope retained; title, authors, year, venue, formal identifier, and current manuscript use rechecked on 2026-09-16",Formal DOI and a readable source path are recorded separately where available; the DOI is the unique publication identifier used for counting,2026-09-16
abadi1993access,A Calculus for Access Control in Distributed Systems,Mart{\'i}n Abadi and Michael Burrows and Butler Lampson and Gordon Plotkin,1993,ACM Transactions on Programming Languages and Systems,https://doi.org/10.1145/155183.155225,https://www.dcs.ed.ac.uk/home/gdp/publications/Calculus_for_Access_Control.pdf,"Opening calculus and principal/role/delegation discussion, pages 1-4 of author copy","Authorization logics assign meanings to principals, roles and delegation",sections/discussion.tex:27,"Authorization is richer than reference resolution. The access-control calculus formalizes principals and delegation~\cite{abadi1993access}; type disciplines enforce authorization assertions~\cite{fournet2007authorization}, connect refinement types to implementations~\cite{bengtson2008refinement}, and support stateful authorization and information flow in FINE~\cite{swamy2010fine}. Our types only make finite steps meaningful: a well-typed policy may still disagree with its table. Likewise, lenses~\cite{foster2007lenses} and invertible syntax descriptions~\cite{rendel2010invertible} motivate round trips, but our semantic reification recovers an observable quotient, not wording or rule order.","Recorded claim-specific passage or abstract scope retained; title, authors, year, venue, formal identifier, and current manuscript use rechecked on 2026-09-16",Formal DOI and a readable source path are recorded separately where available; the DOI is the unique publication identifier used for counting,2026-09-16
becker2009dynpal,Specification and Analysis of Dynamic Authorisation Policies,Moritz Y. Becker,2009,Proceedings of the IEEE Computer Security Foundations Symposium,https://doi.org/10.1109/CSF.2009.14,https://www.microsoft.com/en-us/research/wp-content/uploads/2009/07/Moritz-Becker-IEEE-CSF-2009-corrected.pdf,Abstract and action/update language presentation,Dynamic authorization includes richer policy-changing actions than the fixed-role Boolean fragment,sections/discussion.tex:5; sections/discussion.tex:16,"\subsection{Policy comparison and evolving authorization} Margrave reports semantic permission differences with decision diagrams~\cite{fisler2005margrave}. Dougherty et al. compare judgments in evolving relational environments by contextual containment over accessible states~\cite{dougherty2006dynamic}. DynPAL verifies transactions and invariants over policy databases~\cite{becker2009dynpal}, while UCON models mutable attributes and ongoing usage~\cite{park2004ucon}. Zelkova encodes policy comparison in SMT~\cite{backes2018zelkova}, and Block Public Access derives query-specific residual policies under syntactic trust conditions~\cite{bouchet2020public}. These works establish semantic comparison, reachability, and irrelevance reduction. Our narrower premise is a deterministic target graph whose complete observations supply one source-state map for every unresolved reference interpretation; this premise yields local obligations and binding-wise target-distance diagnoses. || \begin{table}[t] \caption{Closest comparisons by semantic object and verification relation. These are formulation differences, not measured performance rankings.} \label{tab:closest} \begin{tabularx}{\linewidth}{@{}>{\raggedright\arraybackslash}p{.20\linewidth}>{\raggedright\arraybackslash}p{.30\linewidth}>{\raggedright\arraybackslash}X@{}} \toprule Approach & Compared object & Relation or state information \\ \midrule Margrave~\cite{fisler2005margrave} & Request decisions before and after a policy change & Decision-diagram representation of permission differences \\ Dynamic policies~\cite{dougherty2006dynamic} & Policy judgments in evolving relational contexts & Contextual containment on accessible states \\ DynPAL~\cite{becker2009dynpal} & Executions of policy-update actions & Reachability and invariants over policy databases \\ Cedar~\cite{cutler2024cedar} & Side-effect-free authorization judgments & Sound and complete symbolic encoding under its validation conditions \\ Relational NetKAT~\cite{xu2026relational} & Intended changes to packet traces & User-specified trace relation compiled to transducers \\ This work & Decisions and complete policy valuations for every admitted binding & Supplied functional state map; exact local obligations and earliest-failure distances \\ \bottomrule \end{tabularx} \end{table}","Recorded claim-specific passage or abstract scope retained; title, authors, year, venue, formal identifier, and current manuscript use rechecked on 2026-09-16",Formal DOI and a readable source path are recorded separately where available; the DOI is the unique publication identifier used for counting,2026-09-16
kozen1997kat,Kleene Algebra with Tests,Dexter Kozen,1997,ACM Transactions on Programming Languages and Systems,https://doi.org/10.1145/256167.256195,https://www.cs.cornell.edu/~kozen/Papers/kat.pdf,Abstract and Boolean-test/control-flow presentation,Kleene algebra with tests is an established algebraic foundation,sections/discussion.tex:40,"\subsection{Symbolic alternatives, families, and reduction} Kleene algebra with tests~\cite{kozen1997kat}, NetKAT~\cite{anderson2014netkat}, derivative-based coalgebraic equivalence~\cite{foster2015coalgebraic}, symbolic large-alphabet algorithms~\cite{pous2015symbolic}, bisimulation up to congruence~\cite{bonchi2013congruence}, and KATch~\cite{moeller2024katch} exploit symbolic sharing beyond syntactic support. Guarded KAT has a nearly linear procedure for a different uninterpreted-program model~\cite{smolka2020gkat}. Reduced decision diagrams likewise share identical subfunctions~\cite{bryant1986graphs}. Our width experiment compares delivered procedures, not these general systems, and its coNP result concerns a different representation and interpretation problem.","Recorded claim-specific passage or abstract scope retained; title, authors, year, venue, formal identifier, and current manuscript use rechecked on 2026-09-16",Formal DOI and a readable source path are recorded separately where available; the DOI is the unique publication identifier used for counting,2026-09-16
anderson2014netkat,{NetKAT}: Semantic Foundations for Networks,Carolyn Jane Anderson and Nate Foster and Arjun Guha and Jean-Baptiste Jeannin and Dexter Kozen and Cole Schlesinger and David Walker,2014,Proceedings of the ACM SIGPLAN-SIGACT Symposium on Principles of Programming Languages,https://doi.org/10.1145/2535838.2535862,https://collaborate.princeton.edu/en/publications/netkat-semantic-foundations-for-networks-2/,Institutional publication record and exact abstract,NetKAT gives semantic and equational foundations for network policies,sections/discussion.tex:40,"\subsection{Symbolic alternatives, families, and reduction} Kleene algebra with tests~\cite{kozen1997kat}, NetKAT~\cite{anderson2014netkat}, derivative-based coalgebraic equivalence~\cite{foster2015coalgebraic}, symbolic large-alphabet algorithms~\cite{pous2015symbolic}, bisimulation up to congruence~\cite{bonchi2013congruence}, and KATch~\cite{moeller2024katch} exploit symbolic sharing beyond syntactic support. Guarded KAT has a nearly linear procedure for a different uninterpreted-program model~\cite{smolka2020gkat}. Reduced decision diagrams likewise share identical subfunctions~\cite{bryant1986graphs}. Our width experiment compares delivered procedures, not these general systems, and its coNP result concerns a different representation and interpretation problem.","Recorded claim-specific passage or abstract scope retained; title, authors, year, venue, formal identifier, and current manuscript use rechecked on 2026-09-16",Formal DOI and a readable source path are recorded separately where available; the DOI is the unique publication identifier used for counting,2026-09-16
foster2015coalgebraic,A Coalgebraic Decision Procedure for {NetKAT},Nate Foster and Dexter Kozen and Matthew Milano and Alexandra Silva and Laure Thompson,2015,Proceedings of the ACM SIGPLAN-SIGACT Symposium on Principles of Programming Languages,https://doi.org/10.1145/2676726.2677011,https://collaborate.princeton.edu/en/publications/a-coalgebraic-decision-procedure-for-netkat-3/,Institutional publication record and exact abstract,Coalgebraic derivatives and bisimulation support NetKAT equivalence checking,sections/discussion.tex:40,"\subsection{Symbolic alternatives, families, and reduction} Kleene algebra with tests~\cite{kozen1997kat}, NetKAT~\cite{anderson2014netkat}, derivative-based coalgebraic equivalence~\cite{foster2015coalgebraic}, symbolic large-alphabet algorithms~\cite{pous2015symbolic}, bisimulation up to congruence~\cite{bonchi2013congruence}, and KATch~\cite{moeller2024katch} exploit symbolic sharing beyond syntactic support. Guarded KAT has a nearly linear procedure for a different uninterpreted-program model~\cite{smolka2020gkat}. Reduced decision diagrams likewise share identical subfunctions~\cite{bryant1986graphs}. Our width experiment compares delivered procedures, not these general systems, and its coNP result concerns a different representation and interpretation problem.","Recorded claim-specific passage or abstract scope retained; title, authors, year, venue, formal identifier, and current manuscript use rechecked on 2026-09-16",Formal DOI and a readable source path are recorded separately where available; the DOI is the unique publication identifier used for counting,2026-09-16
pous2015symbolic,Symbolic Algorithms for Language Equivalence and {Kleene} Algebra with Tests,Damien Pous,2015,Proceedings of the ACM SIGPLAN-SIGACT Symposium on Principles of Programming Languages,https://doi.org/10.1145/2676726.2677007,https://perso.ens-lyon.fr/damien.pous/symbolickat/,Author's paper abstract and accompanying publication record,Symbolic representations address large alphabets and language equivalence,sections/discussion.tex:40,"\subsection{Symbolic alternatives, families, and reduction} Kleene algebra with tests~\cite{kozen1997kat}, NetKAT~\cite{anderson2014netkat}, derivative-based coalgebraic equivalence~\cite{foster2015coalgebraic}, symbolic large-alphabet algorithms~\cite{pous2015symbolic}, bisimulation up to congruence~\cite{bonchi2013congruence}, and KATch~\cite{moeller2024katch} exploit symbolic sharing beyond syntactic support. Guarded KAT has a nearly linear procedure for a different uninterpreted-program model~\cite{smolka2020gkat}. Reduced decision diagrams likewise share identical subfunctions~\cite{bryant1986graphs}. Our width experiment compares delivered procedures, not these general systems, and its coNP result concerns a different representation and interpretation problem.","Recorded claim-specific passage or abstract scope retained; title, authors, year, venue, formal identifier, and current manuscript use rechecked on 2026-09-16",Formal DOI and a readable source path are recorded separately where available; the DOI is the unique publication identifier used for counting,2026-09-16
smolka2020gkat,Guarded {Kleene} Algebra with Tests: Verification of Uninterpreted Programs in Nearly Linear Time,Steffen Smolka and Nate Foster and Justin Hsu and Tobias Kapp{\'e} and Dexter Kozen and Alexandra Silva,2020,Proceedings of the ACM on Programming Languages,https://doi.org/10.1145/3371129,https://doi.org/10.1145/3371129,Publisher abstract and publication metadata,Structured guarded programs admit a different tractable equivalence problem,sections/discussion.tex:40,"\subsection{Symbolic alternatives, families, and reduction} Kleene algebra with tests~\cite{kozen1997kat}, NetKAT~\cite{anderson2014netkat}, derivative-based coalgebraic equivalence~\cite{foster2015coalgebraic}, symbolic large-alphabet algorithms~\cite{pous2015symbolic}, bisimulation up to congruence~\cite{bonchi2013congruence}, and KATch~\cite{moeller2024katch} exploit symbolic sharing beyond syntactic support. Guarded KAT has a nearly linear procedure for a different uninterpreted-program model~\cite{smolka2020gkat}. Reduced decision diagrams likewise share identical subfunctions~\cite{bryant1986graphs}. Our width experiment compares delivered procedures, not these general systems, and its coNP result concerns a different representation and interpretation problem.","Recorded claim-specific passage or abstract scope retained; title, authors, year, venue, formal identifier, and current manuscript use rechecked on 2026-09-16",Formal DOI and a readable source path are recorded separately where available; the DOI is the unique publication identifier used for counting,2026-09-16
bonchi2013congruence,Checking {NFA} Equivalence with Bisimulations up to Congruence,Filippo Bonchi and Damien Pous,2013,Proceedings of the ACM SIGPLAN-SIGACT Symposium on Principles of Programming Languages,https://doi.org/10.1145/2429069.2429124,https://perso.ens-lyon.fr/damien.pous/hknt/,Author's exact paper abstract and publication information,Bisimulation up to congruence can reduce equivalence exploration,sections/discussion.tex:40,"\subsection{Symbolic alternatives, families, and reduction} Kleene algebra with tests~\cite{kozen1997kat}, NetKAT~\cite{anderson2014netkat}, derivative-based coalgebraic equivalence~\cite{foster2015coalgebraic}, symbolic large-alphabet algorithms~\cite{pous2015symbolic}, bisimulation up to congruence~\cite{bonchi2013congruence}, and KATch~\cite{moeller2024katch} exploit symbolic sharing beyond syntactic support. Guarded KAT has a nearly linear procedure for a different uninterpreted-program model~\cite{smolka2020gkat}. Reduced decision diagrams likewise share identical subfunctions~\cite{bryant1986graphs}. Our width experiment compares delivered procedures, not these general systems, and its coNP result concerns a different representation and interpretation problem.","Recorded claim-specific passage or abstract scope retained; title, authors, year, venue, formal identifier, and current manuscript use rechecked on 2026-09-16",Formal DOI and a readable source path are recorded separately where available; the DOI is the unique publication identifier used for counting,2026-09-16
cousot1977abstract,Abstract Interpretation: A Unified Lattice Model for Static Analysis of Programs by Construction or Approximation of Fixpoints,Patrick Cousot and Radhia Cousot,1977,Proceedings of the ACM SIGPLAN-SIGACT Symposium on Principles of Programming Languages,https://doi.org/10.1145/512950.512973,https://www.di.ens.fr/~cousot/COUSOTpapers/POPL77.shtml,Author publication record and exact abstract,Lattice-based abstraction approximates concrete semantics,sections/discussion.tex:42,"Software-product-line checking shares work across configurations~\cite{classen2011symbolic}; our common target graph additionally fixes the source valuation along every matching prefix. Semantic independence differs from occurrence~\cite{lang2003independence}, and correlated binding families require exact projected assignments rather than unrestricted coordinate changes. Abstract interpretation~\cite{cousot1977abstract}, abstract model checking~\cite{clarke1994abstraction}, CEGAR~\cite{clarke2000cegar}, and trace partitioning~\cite{rival2007partitioning} trade precision against representation. Our observation cone is instead an exact, sufficient dependence closure, related to slicing~\cite{horwitz1990slicing}; it is not claimed minimal.","Recorded claim-specific passage or abstract scope retained; title, authors, year, venue, formal identifier, and current manuscript use rechecked on 2026-09-16",Formal DOI and a readable source path are recorded separately where available; the DOI is the unique publication identifier used for counting,2026-09-16
clarke2000cegar,Counterexample-Guided Abstraction Refinement,Edmund Clarke and Orna Grumberg and Somesh Jha and Yuan Lu and Helmut Veith,2000,Computer Aided Verification,https://doi.org/10.1007/10722167_15,https://link.springer.com/chapter/10.1007/10722167_15,Publisher abstract and metadata,Spurious abstract counterexamples motivate abstraction refinement,sections/discussion.tex:42,"Software-product-line checking shares work across configurations~\cite{classen2011symbolic}; our common target graph additionally fixes the source valuation along every matching prefix. Semantic independence differs from occurrence~\cite{lang2003independence}, and correlated binding families require exact projected assignments rather than unrestricted coordinate changes. Abstract interpretation~\cite{cousot1977abstract}, abstract model checking~\cite{clarke1994abstraction}, CEGAR~\cite{clarke2000cegar}, and trace partitioning~\cite{rival2007partitioning} trade precision against representation. Our observation cone is instead an exact, sufficient dependence closure, related to slicing~\cite{horwitz1990slicing}; it is not claimed minimal.","Recorded claim-specific passage or abstract scope retained; title, authors, year, venue, formal identifier, and current manuscript use rechecked on 2026-09-16",Formal DOI and a readable source path are recorded separately where available; the DOI is the unique publication identifier used for counting,2026-09-16
clarkson2010hyperproperties,Hyperproperties,Michael R. Clarkson and Fred B. Schneider,2010,Journal of Computer Security,https://doi.org/10.3233/JCS-2009-0393,https://www.cs.cornell.edu/fbs/publications/Hyperproperties.pdf,Abstract and Section 2.6 discussion of refinement and trace sets,Hyperproperties concern sets of traces; observation vocabulary matters,sections/discussion.tex:45,"\subsection{Preservation versus enforcement} Rights safety asks whether authority can be acquired~\cite{harrison1976protection}; security automata characterize enforceable safety~\cite{schneider2000enforceable}, and monitoring and rewriting have distinct computability limits~\cite{hamlen2006enforcement}. A passing certificate only equates two supplied transition descriptions. Its finite witness is neither a bounded liveness test~\cite{alpern1985liveness} nor a hyperproperty guarantee~\cite{clarkson2010hyperproperties}. Stack inspection shows that preservation depends on execution representation~\cite{clements2004stack}, while cloud-scale authorization verification requires an engineering link from model to service~\cite{chakarov2025cloud}. Deployment would still need a justified state decoder, serialization point, installation path, and rules for changing entities.","Recorded claim-specific passage or abstract scope retained; title, authors, year, venue, formal identifier, and current manuscript use rechecked on 2026-09-16",Formal DOI and a readable source path are recorded separately where available; the DOI is the unique publication identifier used for counting,2026-09-16
alpern1985liveness,Defining Liveness,Bowen Alpern and Fred B. Schneider,1985,Information Processing Letters,https://doi.org/10.1016/0020-0190(85)90056-0,https://www.cs.cornell.edu/fbs/publications/DefLiveness.pdf,Opening safety/liveness definitions and finite-prefix distinction,A finite discrepancy bound is not a general bounded liveness test,sections/discussion.tex:45,"\subsection{Preservation versus enforcement} Rights safety asks whether authority can be acquired~\cite{harrison1976protection}; security automata characterize enforceable safety~\cite{schneider2000enforceable}, and monitoring and rewriting have distinct computability limits~\cite{hamlen2006enforcement}. A passing certificate only equates two supplied transition descriptions. Its finite witness is neither a bounded liveness test~\cite{alpern1985liveness} nor a hyperproperty guarantee~\cite{clarkson2010hyperproperties}. Stack inspection shows that preservation depends on execution representation~\cite{clements2004stack}, while cloud-scale authorization verification requires an engineering link from model to service~\cite{chakarov2025cloud}. Deployment would still need a justified state decoder, serialization point, installation path, and rules for changing entities.","Recorded claim-specific passage or abstract scope retained; title, authors, year, venue, formal identifier, and current manuscript use rechecked on 2026-09-16",Formal DOI and a readable source path are recorded separately where available; the DOI is the unique publication identifier used for counting,2026-09-16
fuchs2008attempto,Attempto Controlled {English} for Knowledge Representation,Norbert E. Fuchs and Kaarel Kaljurand and Tobias Kuhn,2008,Reasoning Web,https://doi.org/10.1007/978-3-540-85658-0_3,https://link.springer.com/chapter/10.1007/978-3-540-85658-0_3,Publisher abstract and chapter metadata,Controlled English can have a specified logical interpretation,sections/discussion.tex:25,"\subsection{Controlled syntax and authorization meaning} Controlled languages range from readability restrictions to formal interpretations~\cite{kuhn2014survey}. Attempto Controlled English translates to logic~\cite{fuchs2008attempto}; CNL-P supplies a structured front end and linter while leaving fuller compiler and runtime infrastructure open~\cite{xing2025cnlp}. Our fragment begins after that boundary, with finite entities and candidate referents as explicit inputs. AutoCedar instead synthesizes policies against a formal target~\cite{vatsa2026autocedar}; choosing a convenient interpretation after our checker rejects would change the fixed source requirement.","Recorded claim-specific passage or abstract scope retained; title, authors, year, venue, formal identifier, and current manuscript use rechecked on 2026-09-16",Formal DOI and a readable source path are recorded separately where available; the DOI is the unique publication identifier used for counting,2026-09-16
park2004ucon,The {UCON$_{ABC}$} Usage Control Model,Jaehong Park and Ravi Sandhu,2004,ACM Transactions on Information and System Security,https://doi.org/10.1145/984334.984339,https://profsandhu.com/cs5323_s17/UCON-2004.pdf,Abstract and opening continuity/mutability definitions,Usage control includes ongoing decisions and mutable attributes,sections/discussion.tex:5,"\subsection{Policy comparison and evolving authorization} Margrave reports semantic permission differences with decision diagrams~\cite{fisler2005margrave}. Dougherty et al. compare judgments in evolving relational environments by contextual containment over accessible states~\cite{dougherty2006dynamic}. DynPAL verifies transactions and invariants over policy databases~\cite{becker2009dynpal}, while UCON models mutable attributes and ongoing usage~\cite{park2004ucon}. Zelkova encodes policy comparison in SMT~\cite{backes2018zelkova}, and Block Public Access derives query-specific residual policies under syntactic trust conditions~\cite{bouchet2020public}. These works establish semantic comparison, reachability, and irrelevance reduction. Our narrower premise is a deterministic target graph whose complete observations supply one source-state map for every unresolved reference interpretation; this premise yields local obligations and binding-wise target-distance diagnoses.","Recorded claim-specific passage or abstract scope retained; title, authors, year, venue, formal identifier, and current manuscript use rechecked on 2026-09-16",Formal DOI and a readable source path are recorded separately where available; the DOI is the unique publication identifier used for counting,2026-09-16
moeller2024katch,{KATch}: A Fast Symbolic Verifier for {NetKAT},Mark Moeller and Jules Jacobs and Olivier Savary B{\'e}langer and David Darais and Cole Schlesinger and Steffen Smolka and Nate Foster and Alexandra Silva,2024,Proceedings of the ACM on Programming Languages,https://doi.org/10.1145/3656454,https://arxiv.org/html/2404.04760v1,"Abstract, introduction, and symbolic-representation/equivalence discussions",KATch is a direct modern symbolic NetKAT equivalence comparator,sections/discussion.tex:40,"\subsection{Symbolic alternatives, families, and reduction} Kleene algebra with tests~\cite{kozen1997kat}, NetKAT~\cite{anderson2014netkat}, derivative-based coalgebraic equivalence~\cite{foster2015coalgebraic}, symbolic large-alphabet algorithms~\cite{pous2015symbolic}, bisimulation up to congruence~\cite{bonchi2013congruence}, and KATch~\cite{moeller2024katch} exploit symbolic sharing beyond syntactic support. Guarded KAT has a nearly linear procedure for a different uninterpreted-program model~\cite{smolka2020gkat}. Reduced decision diagrams likewise share identical subfunctions~\cite{bryant1986graphs}. Our width experiment compares delivered procedures, not these general systems, and its coNP result concerns a different representation and interpretation problem.","Recorded claim-specific passage or abstract scope retained; title, authors, year, venue, formal identifier, and current manuscript use rechecked on 2026-09-16",Formal DOI and a readable source path are recorded separately where available; the DOI is the unique publication identifier used for counting,2026-09-16
harrison1976protection,Protection in Operating Systems,Michael A. Harrison and Walter L. Ruzzo and Jeffrey D. Ullman,1976,Communications of the ACM,https://doi.org/10.1145/360303.360333,https://doi.org/10.1145/360303.360333,Publisher abstract and bibliographic record,Rights acquisition safety differs from preservation of a specified policy,sections/discussion.tex:45,"\subsection{Preservation versus enforcement} Rights safety asks whether authority can be acquired~\cite{harrison1976protection}; security automata characterize enforceable safety~\cite{schneider2000enforceable}, and monitoring and rewriting have distinct computability limits~\cite{hamlen2006enforcement}. A passing certificate only equates two supplied transition descriptions. Its finite witness is neither a bounded liveness test~\cite{alpern1985liveness} nor a hyperproperty guarantee~\cite{clarkson2010hyperproperties}. Stack inspection shows that preservation depends on execution representation~\cite{clements2004stack}, while cloud-scale authorization verification requires an engineering link from model to service~\cite{chakarov2025cloud}. Deployment would still need a justified state decoder, serialization point, installation path, and rules for changing entities.","Recorded claim-specific passage or abstract scope retained; title, authors, year, venue, formal identifier, and current manuscript use rechecked on 2026-09-16",Formal DOI and a readable source path are recorded separately where available; the DOI is the unique publication identifier used for counting,2026-09-16
xu2026relational,Network Change Validation with Relational {NetKAT},Han Xu and Zachary Kincaid and Ratul Mahajan and David Walker,2026,Proceedings of the ACM on Programming Languages,https://doi.org/10.1145/3776656,https://www.cs.princeton.edu/~dpw/papers/rnetkat-popl26.pdf,"Abstract and introductory relation/transducer construction, pages 1-3","Trace-relation changes can insert, delete and transform events, unlike the lockstep equality used here",sections/discussion.tex:18; sections/discussion.tex:32,"\begin{table}[t] \caption{Closest comparisons by semantic object and verification relation. These are formulation differences, not measured performance rankings.} \label{tab:closest} \begin{tabularx}{\linewidth}{@{}>{\raggedright\arraybackslash}p{.20\linewidth}>{\raggedright\arraybackslash}p{.30\linewidth}>{\raggedright\arraybackslash}X@{}} \toprule Approach & Compared object & Relation or state information \\ \midrule Margrave~\cite{fisler2005margrave} & Request decisions before and after a policy change & Decision-diagram representation of permission differences \\ Dynamic policies~\cite{dougherty2006dynamic} & Policy judgments in evolving relational contexts & Contextual containment on accessible states \\ DynPAL~\cite{becker2009dynpal} & Executions of policy-update actions & Reachability and invariants over policy databases \\ Cedar~\cite{cutler2024cedar} & Side-effect-free authorization judgments & Sound and complete symbolic encoding under its validation conditions \\ Relational NetKAT~\cite{xu2026relational} & Intended changes to packet traces & User-specified trace relation compiled to transducers \\ This work & Decisions and complete policy valuations for every admitted binding & Supplied functional state map; exact local obligations and earliest-failure distances \\ \bottomrule \end{tabularx} \end{table} || Trace-relating compiler correctness permits relations beyond equality~\cite{abate2021traces}; Relational NetKAT compiles user-specified packet-trace relations to transducers~\cite{xu2026relational}. Our traces are equal-length and request indexed through one state map. Linearizability checking handles overlapping operations~\cite{liu2009linearizability}; ours are sequential. Robust compilation quantifies over interacting target contexts~\cite{patrignani2024uc}; ours quantifies over requests and referent choices. These stronger frameworks delimit rather than subsume the operational benefit of the supplied map.","Recorded claim-specific passage or abstract scope retained; title, authors, year, venue, formal identifier, and current manuscript use rechecked on 2026-09-16","PACMPL 10 (POPL), Article 14, pages 384--412, 29 pages; the prior 54-page value was corrected against the formal record on 2026-09-16",2026-09-16
